<annotation>
	<folder>images</folder>
	<filename>2Q__ (1).jpg</filename>
	<path>C:\Users\Yen\Desktop\egg\images\2Q__ (1).jpg</path>
	<source>
		<database>Unknown</database>
	</source>
	<size>
		<width>275</width>
		<height>183</height>
		<depth>3</depth>
	</size>
	<segmented>0</segmented>
	<object>
		<name>egg</name>
		<pose>Unspecified</pose>
		<truncated>0</truncated>
		<difficult>0</difficult>
		<bndbox>
			<xmin>97</xmin>
			<ymin>19</ymin>
			<xmax>183</xmax>
			<ymax>137</ymax>
		</bndbox>
	</object>
</annotation>
