<annotation>
	<folder>images</folder>
	<filename>2Q__ (2).jpg</filename>
	<path>C:\Users\Yen\Desktop\egg\images\2Q__ (2).jpg</path>
	<source>
		<database>Unknown</database>
	</source>
	<size>
		<width>262</width>
		<height>192</height>
		<depth>3</depth>
	</size>
	<segmented>0</segmented>
	<object>
		<name>egg</name>
		<pose>Unspecified</pose>
		<truncated>0</truncated>
		<difficult>0</difficult>
		<bndbox>
			<xmin>77</xmin>
			<ymin>128</ymin>
			<xmax>152</xmax>
			<ymax>191</ymax>
		</bndbox>
	</object>
	<object>
		<name>boiled-egg</name>
		<pose>Unspecified</pose>
		<truncated>0</truncated>
		<difficult>0</difficult>
		<bndbox>
			<xmin>26</xmin>
			<ymin>114</ymin>
			<xmax>52</xmax>
			<ymax>153</ymax>
		</bndbox>
	</object>
	<object>
		<name>egg-yolk</name>
		<pose>Unspecified</pose>
		<truncated>0</truncated>
		<difficult>0</difficult>
		<bndbox>
			<xmin>37</xmin>
			<ymin>27</ymin>
			<xmax>96</xmax>
			<ymax>78</ymax>
		</bndbox>
	</object>
</annotation>
