<annotation>
	<folder>images</folder>
	<filename>9k_ (1).jpg</filename>
	<path>C:\Users\Yen\Desktop\egg\images\9k_ (1).jpg</path>
	<source>
		<database>Unknown</database>
	</source>
	<size>
		<width>100</width>
		<height>100</height>
		<depth>3</depth>
	</size>
	<segmented>0</segmented>
	<object>
		<name>potched-egg</name>
		<pose>Unspecified</pose>
		<truncated>0</truncated>
		<difficult>0</difficult>
		<bndbox>
			<xmin>40</xmin>
			<ymin>46</ymin>
			<xmax>97</xmax>
			<ymax>96</ymax>
		</bndbox>
	</object>
</annotation>
