<annotation>
	<folder>images</folder>
	<filename>9k_ (3).jpg</filename>
	<path>C:\Users\Yen\Desktop\egg\images\9k_ (3).jpg</path>
	<source>
		<database>Unknown</database>
	</source>
	<size>
		<width>300</width>
		<height>168</height>
		<depth>3</depth>
	</size>
	<segmented>0</segmented>
	<object>
		<name>boiled-egg</name>
		<pose>Unspecified</pose>
		<truncated>0</truncated>
		<difficult>0</difficult>
		<bndbox>
			<xmin>99</xmin>
			<ymin>47</ymin>
			<xmax>179</xmax>
			<ymax>100</ymax>
		</bndbox>
	</object>
</annotation>
