<annotation>
	<folder>images</folder>
	<filename>images (3).jpg</filename>
	<path>C:\Users\Yen\Desktop\egg\images\images (3).jpg</path>
	<source>
		<database>Unknown</database>
	</source>
	<size>
		<width>100</width>
		<height>100</height>
		<depth>3</depth>
	</size>
	<segmented>0</segmented>
	<object>
		<name>egg</name>
		<pose>Unspecified</pose>
		<truncated>0</truncated>
		<difficult>0</difficult>
		<bndbox>
			<xmin>20</xmin>
			<ymin>6</ymin>
			<xmax>80</xmax>
			<ymax>86</ymax>
		</bndbox>
	</object>
</annotation>
