<annotation>
	<folder>images</folder>
	<filename>images (16).jpg</filename>
	<path>C:\Users\Yen\Desktop\egg\images\images (16).jpg</path>
	<source>
		<database>Unknown</database>
	</source>
	<size>
		<width>300</width>
		<height>168</height>
		<depth>3</depth>
	</size>
	<segmented>0</segmented>
	<object>
		<name>egg</name>
		<pose>Unspecified</pose>
		<truncated>0</truncated>
		<difficult>0</difficult>
		<bndbox>
			<xmin>81</xmin>
			<ymin>7</ymin>
			<xmax>202</xmax>
			<ymax>160</ymax>
		</bndbox>
	</object>
</annotation>
