<annotation>
	<folder>images</folder>
	<filename>2Q__ (8).jpg</filename>
	<path>C:\Users\Yen\Desktop\cup\images\2Q__ (8).jpg</path>
	<source>
		<database>Unknown</database>
	</source>
	<size>
		<width>194</width>
		<height>259</height>
		<depth>3</depth>
	</size>
	<segmented>0</segmented>
	<object>
		<name>cup</name>
		<pose>Unspecified</pose>
		<truncated>0</truncated>
		<difficult>0</difficult>
		<bndbox>
			<xmin>38</xmin>
			<ymin>140</ymin>
			<xmax>180</xmax>
			<ymax>225</ymax>
		</bndbox>
	</object>
</annotation>
