<annotation>
	<folder>images</folder>
	<filename>2Q__ (5).jpg</filename>
	<path>C:\Users\Yen\Desktop\cup\images\2Q__ (5).jpg</path>
	<source>
		<database>Unknown</database>
	</source>
	<size>
		<width>273</width>
		<height>185</height>
		<depth>3</depth>
	</size>
	<segmented>0</segmented>
	<object>
		<name>cup</name>
		<pose>Unspecified</pose>
		<truncated>0</truncated>
		<difficult>0</difficult>
		<bndbox>
			<xmin>40</xmin>
			<ymin>2</ymin>
			<xmax>267</xmax>
			<ymax>148</ymax>
		</bndbox>
	</object>
</annotation>
