<annotation>
	<folder>images</folder>
	<filename>2Q__.jpg</filename>
	<path>C:\Users\Yen\Desktop\cup\images\2Q__.jpg</path>
	<source>
		<database>Unknown</database>
	</source>
	<size>
		<width>225</width>
		<height>225</height>
		<depth>3</depth>
	</size>
	<segmented>0</segmented>
	<object>
		<name>cup</name>
		<pose>Unspecified</pose>
		<truncated>0</truncated>
		<difficult>0</difficult>
		<bndbox>
			<xmin>51</xmin>
			<ymin>68</ymin>
			<xmax>202</xmax>
			<ymax>158</ymax>
		</bndbox>
	</object>
</annotation>
