<annotation>
	<folder>images</folder>
	<filename>images (7).jpg</filename>
	<path>C:\Users\Yen\Desktop\cup\images\images (7).jpg</path>
	<source>
		<database>Unknown</database>
	</source>
	<size>
		<width>271</width>
		<height>186</height>
		<depth>3</depth>
	</size>
	<segmented>0</segmented>
	<object>
		<name>cup</name>
		<pose>Unspecified</pose>
		<truncated>1</truncated>
		<difficult>0</difficult>
		<bndbox>
			<xmin>41</xmin>
			<ymin>1</ymin>
			<xmax>268</xmax>
			<ymax>144</ymax>
		</bndbox>
	</object>
</annotation>
