<annotation>
	<folder>images</folder>
	<filename>images (2).jpg</filename>
	<path>C:\Users\Yen\Desktop\cup\images\images (2).jpg</path>
	<source>
		<database>Unknown</database>
	</source>
	<size>
		<width>100</width>
		<height>100</height>
		<depth>3</depth>
	</size>
	<segmented>0</segmented>
	<object>
		<name>cup</name>
		<pose>Unspecified</pose>
		<truncated>1</truncated>
		<difficult>0</difficult>
		<bndbox>
			<xmin>10</xmin>
			<ymin>9</ymin>
			<xmax>100</xmax>
			<ymax>69</ymax>
		</bndbox>
	</object>
</annotation>
