<annotation>
	<folder>images</folder>
	<filename>images (6).jpg</filename>
	<path>C:\Users\Yen\Desktop\cup\images\images (6).jpg</path>
	<source>
		<database>Unknown</database>
	</source>
	<size>
		<width>212</width>
		<height>238</height>
		<depth>3</depth>
	</size>
	<segmented>0</segmented>
	<object>
		<name>cup</name>
		<pose>Unspecified</pose>
		<truncated>0</truncated>
		<difficult>0</difficult>
		<bndbox>
			<xmin>43</xmin>
			<ymin>60</ymin>
			<xmax>187</xmax>
			<ymax>180</ymax>
		</bndbox>
	</object>
</annotation>
