<annotation>
	<folder>images</folder>
	<filename>images (8).jpg</filename>
	<path>C:\Users\Yen\Desktop\cup\images\images (8).jpg</path>
	<source>
		<database>Unknown</database>
	</source>
	<size>
		<width>207</width>
		<height>243</height>
		<depth>3</depth>
	</size>
	<segmented>0</segmented>
	<object>
		<name>cup</name>
		<pose>Unspecified</pose>
		<truncated>0</truncated>
		<difficult>0</difficult>
		<bndbox>
			<xmin>35</xmin>
			<ymin>85</ymin>
			<xmax>205</xmax>
			<ymax>191</ymax>
		</bndbox>
	</object>
</annotation>
