<annotation>
	<folder>images</folder>
	<filename>images (9).jpg</filename>
	<path>C:\Users\Yen\Desktop\cup\images\images (9).jpg</path>
	<source>
		<database>Unknown</database>
	</source>
	<size>
		<width>224</width>
		<height>224</height>
		<depth>3</depth>
	</size>
	<segmented>0</segmented>
	<object>
		<name>cup</name>
		<pose>Unspecified</pose>
		<truncated>0</truncated>
		<difficult>0</difficult>
		<bndbox>
			<xmin>7</xmin>
			<ymin>44</ymin>
			<xmax>223</xmax>
			<ymax>191</ymax>
		</bndbox>
	</object>
</annotation>
